-- MySQL dump 10.13  Distrib 8.0.18, for Win64 (x86_64)
--
-- Host: localhost    Database: jobs
-- ------------------------------------------------------
-- Server version	8.0.18

/*!40101 SET @OLD_CHARACTER_SET_CLIENT=@@CHARACTER_SET_CLIENT */;
/*!40101 SET @OLD_CHARACTER_SET_RESULTS=@@CHARACTER_SET_RESULTS */;
/*!40101 SET @OLD_COLLATION_CONNECTION=@@COLLATION_CONNECTION */;
/*!50503 SET NAMES utf8 */;
/*!40103 SET @OLD_TIME_ZONE=@@TIME_ZONE */;
/*!40103 SET TIME_ZONE='+00:00' */;
/*!40014 SET @OLD_UNIQUE_CHECKS=@@UNIQUE_CHECKS, UNIQUE_CHECKS=0 */;
/*!40014 SET @OLD_FOREIGN_KEY_CHECKS=@@FOREIGN_KEY_CHECKS, FOREIGN_KEY_CHECKS=0 */;
/*!40101 SET @OLD_SQL_MODE=@@SQL_MODE, SQL_MODE='NO_AUTO_VALUE_ON_ZERO' */;
/*!40111 SET @OLD_SQL_NOTES=@@SQL_NOTES, SQL_NOTES=0 */;

--
-- Table structure for table `location`
--

DROP TABLE IF EXISTS `location`;
/*!40101 SET @saved_cs_client     = @@character_set_client */;
/*!50503 SET character_set_client = utf8mb4 */;
CREATE TABLE `location` (
  `l_code` varchar(9) NOT NULL,
  `l_name` varchar(150) NOT NULL,
  PRIMARY KEY (`l_code`)
) ENGINE=InnoDB DEFAULT CHARSET=utf8mb4 COLLATE=utf8mb4_0900_ai_ci;
/*!40101 SET character_set_client = @saved_cs_client */;

--
-- Dumping data for table `location`
--

LOCK TABLES `location` WRITE;
/*!40000 ALTER TABLE `location` DISABLE KEYS */;
INSERT INTO `location` VALUES ('45220','Tallahassee, FL');
/*!40000 ALTER TABLE `location` ENABLE KEYS */;
UNLOCK TABLES;

--
-- Table structure for table `major`
--

DROP TABLE IF EXISTS `major`;
/*!40101 SET @saved_cs_client     = @@character_set_client */;
/*!50503 SET character_set_client = utf8mb4 */;
CREATE TABLE `major` (
  `m_id` varchar(9) NOT NULL,
  `m_name` varchar(150) NOT NULL,
  PRIMARY KEY (`m_id`)
) ENGINE=InnoDB DEFAULT CHARSET=utf8mb4 COLLATE=utf8mb4_0900_ai_ci;
/*!40101 SET character_set_client = @saved_cs_client */;

--
-- Dumping data for table `major`
--

LOCK TABLES `major` WRITE;
/*!40000 ALTER TABLE `major` DISABLE KEYS */;
INSERT INTO `major` VALUES ('15-1','Computer Engineering'),('15-2','Computer Science');
/*!40000 ALTER TABLE `major` ENABLE KEYS */;
UNLOCK TABLES;

--
-- Table structure for table `occupation`
--

DROP TABLE IF EXISTS `occupation`;
/*!40101 SET @saved_cs_client     = @@character_set_client */;
/*!50503 SET character_set_client = utf8mb4 */;
CREATE TABLE `occupation` (
  `o_code` varchar(9) NOT NULL,
  `o_name` varchar(150) NOT NULL,
  PRIMARY KEY (`o_code`)
) ENGINE=InnoDB DEFAULT CHARSET=utf8mb4 COLLATE=utf8mb4_0900_ai_ci;
/*!40101 SET character_set_client = @saved_cs_client */;

--
-- Dumping data for table `occupation`
--

LOCK TABLES `occupation` WRITE;
/*!40000 ALTER TABLE `occupation` DISABLE KEYS */;
INSERT INTO `occupation` VALUES ('11-1011','Chief Executives'),('11-1031','Legislators'),('11-2021','Marketing Managers'),('11-2022','Sales Managers'),('11-2031','Public Relations and Fundraising Managers'),('11-3011','Administrative Services Managers'),('11-3051','Industrial Production Managers'),('11-3061','Purchasing Managers'),('11-3071','Transportation, Storage, and Distribution Managers'),('11-3111','Compensation and Benefits Managers'),('11-3121','Human Resources Managers'),('11-3131','Training and Development Managers'),('11-9021','Construction Managers'),('11-9032','Education Administrators, Elementary and Secondary School'),('11-9039','Education Administrators, All Other'),('11-9041','Architectural and Engineering Managers'),('11-9051','Food Service Managers'),('11-9081','Lodging Managers'),('11-9111','Medical and Health Services Managers'),('11-9141','Property, Real Estate, and Community Association Managers'),('11-9151','Social and Community Service Managers'),('11-9199','Managers, All Other'),('13-0000','Business and Financial Operations Occupations'),('13-1020','Buyers and Purchasing Agents'),('13-1031','Claims Adjusters, Examiners, and Investigators'),('13-1041','Compliance Officers'),('13-1051','Cost Estimators'),('13-1071','Human Resources Specialists'),('13-1075','Labor Relations Specialists'),('13-1081','Logisticians'),('13-1111','Management Analysts'),('13-1121','Meeting, Convention, and Event Planners'),('13-1131','Fundraisers'),('13-1141','Compensation, Benefits, and Job Analysis Specialists'),('13-1151','Training and Development Specialists'),('13-1161','Market Research Analysts and Marketing Specialists'),('13-1199','Business Operations Specialists, All Other'),('13-2011','Accountants and Auditors'),('13-2021','Appraisers and Assessors of Real Estate'),('13-2031','Budget Analysts'),('13-2041','Credit Analysts'),('13-2051','Financial Analysts'),('13-2052','Personal Financial Advisors'),('13-2053','Insurance Underwriters'),('13-2061','Financial Examiners'),('13-2072','Loan Officers'),('13-2081','Tax Examiners and Collectors, and Revenue Agents'),('13-2082','Tax Preparers'),('13-2099','Financial Specialists, All Other'),('15-0000','Computer and Mathematical Occupations'),('15-1121','Computer Systems Analysts'),('15-1122','Information Security Analysts'),('15-1131','Computer Programmers'),('15-1132','Software Developers, Applications'),('15-1133','Software Developers, Systems Software'),('15-1134','Web Developers'),('15-1141','Database Administrators'),('15-1142','Network and Computer Systems Administrators'),('15-1143','Computer Network Architects'),('15-1151','Computer User Support Specialists'),('15-1152','Computer Network Support Specialists'),('15-1199','Computer Occupations, All Other'),('15-2011','Actuaries'),('15-2031','Operations Research Analysts'),('17-0000','Architecture and Engineering Occupations'),('17-1011','Architects, Except Landscape and Naval'),('17-1022','Surveyors'),('17-2051','Civil Engineers'),('17-2071','Electrical Engineers'),('17-2072','Electronics Engineers, Except Computer'),('17-2081','Environmental Engineers'),('17-2112','Industrial Engineers'),('17-2141','Mechanical Engineers'),('17-2199','Engineers, All Other'),('17-3011','Architectural and Civil Drafters'),('17-3013','Mechanical Drafters'),('17-3022','Civil Engineering Technicians'),('17-3023','Electrical and Electronics Engineering Technicians'),('17-3029','Engineering Technicians, Except Drafters, All Other'),('17-3031','Surveying and Mapping Technicians'),('19-0000','Life, Physical, and Social Science Occupations'),('19-1023','Zoologists and Wildlife Biologists'),('19-1029','Biological Scientists, All Other'),('19-2021','Atmospheric and Space Scientists'),('19-2031','Chemists'),('19-2041','Environmental Scientists and Specialists, Including Health'),('19-2042','Geoscientists, Except Hydrologists and Geographers'),('19-2099','Physical Scientists, All Other'),('19-3031','Clinical, Counseling, and School Psychologists'),('19-3051','Urban and Regional Planners'),('19-3099','Social Scientists and Related Workers, All Other'),('19-4091','Environmental Science and Protection Technicians, Including Health'),('19-4092','Forensic Science Technicians'),('19-4099','Life, Physical, and Social Science Technicians, All Other'),('21-0000','Community and Social Service Occupations'),('21-1012','Educational, Guidance, School, and Vocational Counselors'),('21-1013','Marriage and Family Therapists'),('21-1015','Rehabilitation Counselors'),('21-1018','Substance Abuse, Behavioral Disorder, and Mental Health Counselors'),('21-1019','Counselors, All Other'),('21-1021','Child, Family, and School Social Workers'),('21-1022','Healthcare Social Workers'),('21-1023','Mental Health and Substance Abuse Social Workers'),('21-1029','Social Workers, All Other'),('21-1091','Health Educators'),('21-1092','Probation Officers and Correctional Treatment Specialists'),('21-1093','Social and Human Service Assistants'),('21-1094','Community Health Workers'),('21-1099','Community and Social Service Specialists, All Other'),('21-2011','Clergy'),('23-0000','Legal Occupations'),('23-1011','Lawyers'),('23-2011','Paralegals and Legal Assistants'),('23-2099','Legal Support Workers, All Other'),('25-0000','Education, Training, and Library Occupations'),('25-1011','Business Teachers, Postsecondary'),('25-1021','Computer Science Teachers, Postsecondary'),('25-1022','Mathematical Science Teachers, Postsecondary'),('25-1042','Biological Science Teachers, Postsecondary'),('25-1051','Atmospheric, Earth, Marine, and Space Sciences Teachers, Postsecondary'),('25-1054','Physics Teachers, Postsecondary'),('25-1065','Political Science Teachers, Postsecondary'),('25-1066','Psychology Teachers, Postsecondary'),('25-1071','Health Specialties Teachers, Postsecondary'),('25-1072','Nursing Instructors and Teachers, Postsecondary'),('25-1081','Education Teachers, Postsecondary'),('25-1111','Criminal Justice and Law Enforcement Teachers, Postsecondary'),('25-1121','Art, Drama, and Music Teachers, Postsecondary'),('25-1123','English Language and Literature Teachers, Postsecondary'),('25-1191','Graduate Teaching Assistants'),('25-1194','Vocational Education Teachers, Postsecondary'),('25-1199','Postsecondary Teachers, All Other'),('25-2011','Preschool Teachers, Except Special Education'),('25-2012','Kindergarten Teachers, Except Special Education'),('25-2021','Elementary School Teachers, Except Special Education'),('25-2022','Middle School Teachers, Except Special and Career/Technical Education'),('25-2031','Secondary School Teachers, Except Special and Career/Technical Education'),('25-2032','Career/Technical Education Teachers, Secondary School'),('25-3011','Adult Basic and Secondary Education and Literacy Teachers and Instructors'),('25-3021','Self-Enrichment Education Teachers'),('25-3097','Teachers and Instructors, All Other, Except Substitute Teachers'),('25-3098','Substitute Teachers'),('25-4021','Librarians'),('25-4031','Library Technicians'),('25-9031','Instructional Coordinators'),('25-9041','Teacher Assistants'),('25-9099','Education, Training, and Library Workers, All Other'),('27-0000','Arts, Design, Entertainment, Sports, and Media Occupations'),('27-1024','Graphic Designers'),('27-1025','Interior Designers'),('27-1026','Merchandise Displayers and Window Trimmers'),('27-2012','Producers and Directors'),('27-2022','Coaches and Scouts'),('27-3022','Reporters and Correspondents'),('27-3031','Public Relations Specialists'),('27-3041','Editors'),('27-3043','Writers and Authors'),('27-3091','Interpreters and Translators'),('27-3099','Media and Communication Workers, All Other'),('27-4011','Audio and Video Equipment Technicians'),('27-4012','Broadcast Technicians'),('29-0000','Healthcare Practitioners and Technical Occupations'),('29-1021','Dentists, General'),('29-1031','Dietitians and Nutritionists'),('29-1041','Optometrists'),('29-1051','Pharmacists'),('29-1062','Family and General Practitioners'),('29-1066','Psychiatrists'),('29-1069','Physicians and Surgeons, All Other'),('29-1071','Physician Assistants'),('29-1122','Occupational Therapists'),('29-1123','Physical Therapists'),('29-1126','Respiratory Therapists'),('29-1127','Speech-Language Pathologists'),('29-1131','Veterinarians'),('29-1141','Registered Nurses'),('29-1171','Nurse Practitioners'),('29-1181','Audiologists'),('29-2010','Clinical Laboratory Technologists and Technicians'),('29-2021','Dental Hygienists'),('29-2031','Cardiovascular Technologists and Technicians'),('29-2032','Diagnostic Medical Sonographers'),('29-2034','Radiologic Technologists'),('29-2041','Emergency Medical Technicians and Paramedics'),('29-2052','Pharmacy Technicians'),('29-2053','Psychiatric Technicians'),('29-2055','Surgical Technologists'),('29-2056','Veterinary Technologists and Technicians'),('29-2057','Ophthalmic Medical Technicians'),('29-2061','Licensed Practical and Licensed Vocational Nurses'),('29-2071','Medical Records and Health Information Technicians'),('29-2081','Opticians, Dispensing'),('29-2099','Health Technologists and Technicians, All Other'),('29-9011','Occupational Health and Safety Specialists'),('31-0000','Healthcare Support Occupations'),('31-1011','Home Health Aides'),('31-1014','Nursing Assistants'),('31-2011','Occupational Therapy Assistants'),('31-2021','Physical Therapist Assistants'),('31-2022','Physical Therapist Aides'),('31-9091','Dental Assistants'),('31-9092','Medical Assistants'),('31-9093','Medical Equipment Preparers'),('31-9094','Medical Transcriptionists'),('31-9096','Veterinary Assistants and Laboratory Animal Caretakers'),('31-9097','Phlebotomists'),('31-9099','Healthcare Support Workers, All Other'),('33-0000','Protective Service Occupations'),('33-1011','First-Line Supervisors of Correctional Officers'),('33-1012','First-Line Supervisors of Police and Detectives'),('33-1021','First-Line Supervisors of Fire Fighting and Prevention Workers'),('33-1099','First-Line Supervisors of Protective Service Workers, All Other'),('33-2011','Firefighters'),('33-3012','Correctional Officers and Jailers'),('33-3021','Detectives and Criminal Investigators'),('33-3051','Police and Sheriff\'s Patrol Officers'),('33-9032','Security Guards'),('33-9091','Crossing Guards'),('33-9092','Lifeguards, Ski Patrol, and Other Recreational Protective Service Workers'),('33-9093','Transportation Security Screeners'),('33-9099','Protective Service Workers, All Other'),('35-0000','Food Preparation and Serving Related Occupations'),('35-1011','Chefs and Head Cooks'),('35-1012','First-Line Supervisors of Food Preparation and Serving Workers'),('35-2012','Cooks, Institution and Cafeteria'),('35-2014','Cooks, Restaurant'),('35-2015','Cooks, Short Order'),('35-2021','Food Preparation Workers'),('35-3011','Bartenders'),('35-3021','Combined Food Preparation and Serving Workers, Including Fast Food'),('35-3022','Counter Attendants, Cafeteria, Food Concession, and Coffee Shop'),('35-3031','Waiters and Waitresses'),('35-3041','Food Servers, Nonrestaurant'),('35-9011','Dining Room and Cafeteria Attendants and Bartender Helpers'),('35-9021','Dishwashers'),('35-9031','Hosts and Hostesses, Restaurant, Lounge, and Coffee Shop'),('37-0000','Building and Grounds Cleaning and Maintenance Occupations'),('37-1011','First-Line Supervisors of Housekeeping and Janitorial Workers'),('37-1012','First-Line Supervisors of Landscaping, Lawn Service, and Groundskeeping Workers'),('37-2011','Janitors and Cleaners, Except Maids and Housekeeping Cleaners'),('37-2012','Maids and Housekeeping Cleaners'),('37-2021','Pest Control Workers'),('37-3011','Landscaping and Groundskeeping Workers'),('39-0000','Personal Care and Service Occupations'),('39-1021','First-Line Supervisors of Personal Service Workers'),('39-2021','Nonfarm Animal Caretakers'),('39-3091','Amusement and Recreation Attendants'),('39-5012','Hairdressers, Hairstylists, and Cosmetologists'),('39-5092','Manicurists and Pedicurists'),('39-5094','Skincare Specialists'),('39-9011','Childcare Workers'),('39-9021','Personal Care Aides'),('39-9031','Fitness Trainers and Aerobics Instructors'),('39-9032','Recreation Workers'),('39-9041','Residential Advisors'),('39-9099','Personal Care and Service Workers, All Other'),('41-0000','Sales and Related Occupations'),('41-1011','First-Line Supervisors of Retail Sales Workers'),('41-1012','First-Line Supervisors of Non-Retail Sales Workers'),('41-2011','Cashiers'),('41-2021','Counter and Rental Clerks'),('41-2022','Parts Salespersons'),('41-2031','Retail Salespersons'),('41-3011','Advertising Sales Agents'),('41-3021','Insurance Sales Agents'),('41-3031','Securities, Commodities, and Financial Services Sales Agents'),('41-3041','Travel Agents'),('41-3099','Sales Representatives, Services, All Other'),('41-4011','Sales Representatives, Wholesale and Manufacturing, Technical and Scientific Products'),('41-4012','Sales Representatives, Wholesale and Manufacturing, Except Technical and Scientific Products'),('41-9022','Real Estate Sales Agents'),('41-9041','Telemarketers'),('41-9099','Sales and Related Workers, All Other'),('43-0000','Office and Administrative Support Occupations'),('43-1011','First-Line Supervisors of Office and Administrative Support Workers'),('43-2011','Switchboard Operators, Including Answering Service'),('43-3011','Bill and Account Collectors'),('43-3021','Billing and Posting Clerks'),('43-3031','Bookkeeping, Accounting, and Auditing Clerks'),('43-3051','Payroll and Timekeeping Clerks'),('43-3071','Tellers'),('43-4011','Brokerage Clerks'),('43-4031','Court, Municipal, and License Clerks'),('43-4051','Customer Service Representatives'),('43-4061','Eligibility Interviewers, Government Programs'),('43-4071','File Clerks'),('43-4081','Hotel, Motel, and Resort Desk Clerks'),('43-4111','Interviewers, Except Eligibility and Loan'),('43-4121','Library Assistants, Clerical'),('43-4131','Loan Interviewers and Clerks'),('43-4161','Human Resources Assistants, Except Payroll and Timekeeping'),('43-4171','Receptionists and Information Clerks'),('43-4199','Information and Record Clerks, All Other'),('43-5021','Couriers and Messengers'),('43-5031','Police, Fire, and Ambulance Dispatchers'),('43-5032','Dispatchers, Except Police, Fire, and Ambulance'),('43-5051','Postal Service Clerks'),('43-5052','Postal Service Mail Carriers'),('43-5053','Postal Service Mail Sorters, Processors, and Processing Machine Operators'),('43-5061','Production, Planning, and Expediting Clerks'),('43-5071','Shipping, Receiving, and Traffic Clerks'),('43-5081','Stock Clerks and Order Fillers'),('43-6011','Executive Secretaries and Executive Administrative Assistants'),('43-6012','Legal Secretaries'),('43-6013','Medical Secretaries'),('43-6014','Secretaries and Administrative Assistants, Except Legal, Medical, and Executive'),('43-9011','Computer Operators'),('43-9021','Data Entry Keyers'),('43-9022','Word Processors and Typists'),('43-9041','Insurance Claims and Policy Processing Clerks'),('43-9051','Mail Clerks and Mail Machine Operators, Except Postal Service'),('43-9061','Office Clerks, General'),('43-9071','Office Machine Operators, Except Computer'),('43-9199','Office and Administrative Support Workers, All Other'),('45-0000','Farming, Fishing, and Forestry Occupations'),('45-2092','Farmworkers and Laborers, Crop, Nursery, and Greenhouse'),('47-0000','Construction and Extraction Occupations'),('47-1011','First-Line Supervisors of Construction Trades and Extraction Workers'),('47-2021','Brickmasons and Blockmasons'),('47-2031','Carpenters'),('47-2044','Tile and Marble Setters'),('47-2051','Cement Masons and Concrete Finishers'),('47-2061','Construction Laborers'),('47-2073','Operating Engineers and Other Construction Equipment Operators'),('47-2081','Drywall and Ceiling Tile Installers'),('47-2111','Electricians'),('47-2141','Painters, Construction and Maintenance'),('47-2151','Pipelayers'),('47-2152','Plumbers, Pipefitters, and Steamfitters'),('47-2181','Roofers'),('47-2211','Sheet Metal Workers'),('47-3012','Helpers--Carpenters'),('47-3013','Helpers--Electricians'),('47-3015','Helpers--Pipelayers, Plumbers, Pipefitters, and Steamfitters'),('47-3019','Helpers, Construction Trades, All Other'),('47-4011','Construction and Building Inspectors'),('47-4041','Hazardous Materials Removal Workers'),('47-4071','Septic Tank Servicers and Sewer Pipe Cleaners'),('47-4090','Miscellaneous Construction and Related Workers'),('49-0000','Installation, Maintenance, and Repair Occupations'),('49-1011','First-Line Supervisors of Mechanics, Installers, and Repairers'),('49-2011','Computer, Automated Teller, and Office Machine Repairers'),('49-2022','Telecommunications Equipment Installers and Repairers, Except Line Installers'),('49-2098','Security and Fire Alarm Systems Installers'),('49-3021','Automotive Body and Related Repairers'),('49-3023','Automotive Service Technicians and Mechanics'),('49-3031','Bus and Truck Mechanics and Diesel Engine Specialists'),('49-3042','Mobile Heavy Equipment Mechanics, Except Engines'),('49-3052','Motorcycle Mechanics'),('49-3053','Outdoor Power Equipment and Other Small Engine Mechanics'),('49-3093','Tire Repairers and Changers'),('49-9021','Heating, Air Conditioning, and Refrigeration Mechanics and Installers'),('49-9041','Industrial Machinery Mechanics'),('49-9051','Electrical Power-Line Installers and Repairers'),('49-9062','Medical Equipment Repairers'),('49-9071','Maintenance and Repair Workers, General'),('49-9094','Locksmiths and Safe Repairers'),('49-9098','Helpers--Installation, Maintenance, and Repair Workers'),('49-9099','Installation, Maintenance, and Repair Workers, All Other'),('51-0000','Production Occupations'),('51-1011','First-Line Supervisors of Production and Operating Workers'),('51-2098','Assemblers and Fabricators, All Other, Including Team Assemblers'),('51-3011','Bakers'),('51-3021','Butchers and Meat Cutters'),('51-3022','Meat, Poultry, and Fish Cutters and Trimmers'),('51-4121','Welders, Cutters, Solderers, and Brazers'),('51-5112','Printing Press Operators'),('51-5113','Print Binding and Finishing Workers'),('51-6011','Laundry and Dry-Cleaning Workers'),('51-6021','Pressers, Textile, Garment, and Related Materials'),('51-7011','Cabinetmakers and Bench Carpenters'),('51-8031','Water and Wastewater Treatment Plant and System Operators'),('51-9023','Mixing and Blending Machine Setters, Operators, and Tenders'),('51-9061','Inspectors, Testers, Sorters, Samplers, and Weighers'),('51-9081','Dental Laboratory Technicians'),('51-9083','Ophthalmic Laboratory Technicians'),('51-9122','Painters, Transportation Equipment'),('51-9195','Molders, Shapers, and Casters, Except Metal and Plastic'),('51-9198','Helpers--Production Workers'),('51-9199','Production Workers, All Other'),('53-0000','Transportation and Material Moving Occupations'),('53-1048','First-Line Supervisors of Transportation and Material Moving Workers, Except Aircraft Cargo Handling Supervisors'),('53-3022','Bus Drivers, School or Special Client'),('53-3031','Driver/Sales Workers'),('53-3032','Heavy and Tractor-Trailer Truck Drivers'),('53-3033','Light Truck or Delivery Services Drivers'),('53-3041','Taxi Drivers and Chauffeurs'),('53-3099','Motor Vehicle Operators, All Other'),('53-6021','Parking Lot Attendants'),('53-6031','Automotive and Watercraft Service Attendants'),('53-7032','Excavating and Loading Machine and Dragline Operators'),('53-7051','Industrial Truck and Tractor Operators'),('53-7061','Cleaners of Vehicles and Equipment'),('53-7062','Laborers and Freight, Stock, and Material Movers, Hand'),('53-7064','Packers and Packagers, Hand'),('53-7081','Refuse and Recyclable Material Collectors');
/*!40000 ALTER TABLE `occupation` ENABLE KEYS */;
UNLOCK TABLES;

--
-- Table structure for table `salary`
--

DROP TABLE IF EXISTS `salary`;
/*!40101 SET @saved_cs_client     = @@character_set_client */;
/*!50503 SET character_set_client = utf8mb4 */;
CREATE TABLE `salary` (
  `hourly_mean` double NOT NULL,
  `annual_wage` varchar(10) NOT NULL DEFAULT '0',
  `median_wage` varchar(10) NOT NULL DEFAULT '',
  `o_code` varchar(9) NOT NULL,
  `l_code` varchar(9) NOT NULL,
  PRIMARY KEY (`o_code`),
  KEY `salary_ibfk_2` (`l_code`),
  CONSTRAINT `salary_ibfk_1` FOREIGN KEY (`o_code`) REFERENCES `occupation` (`o_code`),
  CONSTRAINT `salary_ibfk_2` FOREIGN KEY (`l_code`) REFERENCES `location` (`l_code`)
) ENGINE=InnoDB DEFAULT CHARSET=utf8mb4 COLLATE=utf8mb4_0900_ai_ci;
/*!40101 SET character_set_client = @saved_cs_client */;

--
-- Dumping data for table `salary`
--

LOCK TABLES `salary` WRITE;
/*!40000 ALTER TABLE `salary` DISABLE KEYS */;
INSERT INTO `salary` VALUES (63.08,'131,200','91,450','11-1011','﻿45220'),(0,'44,610','38,400','11-1031','45220'),(48.85,'101,600','92,640','11-2021','45220'),(48.8,'101,500','88,200','11-2022','45220'),(47.81,'99,450','82,380','11-2031','45220'),(41.01,'85,300','76,010','11-3011','45220'),(44.24,'92,020','89,210','11-3051','45220'),(42.96,'89,360','81,930','11-3061','45220'),(36.93,'76,820','75,850','11-3071','45220'),(39.49,'82,140','79,660','11-3111','45220'),(39.6,'82,360','77,860','11-3121','45220'),(33,'68,630','61,170','11-3131','45220'),(41.17,'85,640','72,630','11-9021','45220'),(0,'59,000','63,670','11-9032','45220'),(34.54,'71,840','66,960','11-9039','45220'),(61.67,'128,280','108,550','11-9041','45220'),(23.23,'48,320','42,490','11-9051','45220'),(20.48,'42,590','36,940','11-9081','45220'),(52.51,'109,220','95,400','11-9111','45220'),(28.48,'59,230','54,680','11-9141','45220'),(33.78,'70,270','63,330','11-9151','45220'),(41.26,'85,830','82,180','11-9199','45220'),(25.67,'53,400','45,750','13-0000','45220'),(24.05,'50,020','48,260','13-1020','45220'),(26.68,'55,500','51,200','13-1031','45220'),(20.76,'43,170','33,900','13-1041','45220'),(32.31,'67,210','61,470','13-1051','45220'),(22.84,'47,510','43,900','13-1071','45220'),(24.86,'51,720','53,260','13-1075','45220'),(21.67,'45,080','40,160','13-1081','45220'),(26.28,'54,660','48,090','13-1111','45220'),(23.53,'48,940','47,050','13-1121','45220'),(28.79,'59,890','52,430','13-1131','45220'),(18.44,'38,360','34,600','13-1141','45220'),(22.07,'45,910','43,660','13-1151','45220'),(29.43,'61,220','56,440','13-1161','45220'),(29.03,'60,380','50,730','13-1199','45220'),(26.19,'54,480','46,050','13-2011','45220'),(19.81,'41,200','37,980','13-2021','45220'),(29.49,'61,330','59,910','13-2031','45220'),(42.78,'88,980','75,490','13-2041','45220'),(29.29,'60,910','50,710','13-2051','45220'),(82.02,'170,600','98,040','13-2052','45220'),(30.05,'62,510','58,040','13-2053','45220'),(39.5,'82,170','72,010','13-2061','45220'),(30.91,'64,290','56,470','13-2072','45220'),(16.83,'35,000','30,800','13-2081','45220'),(22,'45,750','29,080','13-2082','45220'),(24.08,'50,080','42,210','13-2099','45220'),(30.26,'62,940','56,390','15-0000','45220'),(30.42,'63,270','55,900','15-1121','45220'),(43.91,'91,330','85,940','15-1122','45220'),(30.18,'62,770','57,780','15-1131','45220'),(41.52,'86,350','78,710','15-1132','45220'),(40.92,'85,110','86,180','15-1133','45220'),(26.01,'54,100','49,380','15-1134','45220'),(34.81,'72,410','68,670','15-1141','45220'),(27.74,'57,690','51,400','15-1142','45220'),(41.01,'85,300','72,990','15-1143','45220'),(22.07,'45,910','42,270','15-1151','45220'),(25.66,'53,380','51,840','15-1152','45220'),(26.19,'54,470','52,570','15-1199','45220'),(36.16,'75,220','50,640','15-2011','45220'),(29.28,'60,890','55,080','15-2031','45220'),(32.59,'67,780','61,920','17-0000','45220'),(31.61,'65,760','65,270','17-1011','45220'),(25.39,'52,820','49,320','17-1022','45220'),(44.08,'91,680','79,810','17-2051','45220'),(44.4,'92,350','91,260','17-2071','45220'),(44.52,'92,610','93,350','17-2072','45220'),(29.18,'60,690','57,400','17-2081','45220'),(40.2,'83,610','77,810','17-2112','45220'),(45.15,'93,920','94,090','17-2141','45220'),(31.91,'66,370','61,470','17-2199','45220'),(27.02,'56,200','53,900','17-3011','45220'),(29.44,'61,240','56,370','17-3013','45220'),(24.2,'50,330','51,770','17-3022','45220'),(22.98,'47,800','42,490','17-3023','45220'),(19.83,'41,250','36,160','17-3029','45220'),(21.84,'45,430','40,070','17-3031','45220'),(25.11,'52,240','47,830','19-0000','45220'),(22.67,'47,150','46,200','19-1023','45220'),(23.73,'49,350','45,700','19-1029','45220'),(38.04,'79,120','61,950','19-2021','45220'),(0,'0','0','19-2031','45220'),(23.52,'48,910','46,430','19-2041','45220'),(29.96,'62,320','57,480','19-2042','45220'),(25.51,'53,060','54,010','19-2099','45220'),(29.74,'61,870','62,990','19-3031','45220'),(33.26,'69,180','65,240','19-3051','45220'),(30.22,'62,870','63,980','19-3099','45220'),(0,'0','0','19-4091','45220'),(0,'0','0','19-4092','45220'),(17.9,'37,230','33,220','19-4099','45220'),(20.76,'43,190','39,820','21-0000','45220'),(25.27,'52,560','50,680','21-1012','45220'),(23.76,'49,410','38,390','21-1013','45220'),(17.43,'36,250','34,350','21-1015','45220'),(23.48,'48,850','43,290','21-1018','45220'),(18.97,'39,450','35,880','21-1019','45220'),(19.04,'39,610','37,910','21-1021','45220'),(22.41,'46,610','46,170','21-1022','45220'),(19.97,'41,530','36,590','21-1023','45220'),(29.39,'61,130','69,370','21-1029','45220'),(20.75,'43,160','40,280','21-1091','45220'),(17.39,'36,170','33,180','21-1092','45220'),(18.9,'39,310','34,850','21-1093','45220'),(19.95,'41,490','35,780','21-1094','45220'),(18.46,'38,400','37,070','21-1099','45220'),(22.57,'46,950','43,610','21-2011','45220'),(46.15,'95,990','68,180','23-0000','45220'),(56.74,'118,010','79,380','23-1011','45220'),(21.55,'44,830','41,490','23-2011','45220'),(30.12,'62,660','52,380','23-2099','45220'),(24.36,'50,670','45,300','25-0000','45220'),(0,'115,850','100,280','25-1011','45220'),(0,'0','0','25-1021','45220'),(0,'89,350','85,820','25-1022','45220'),(0,'83,470','83,030','25-1042','45220'),(0,'101,780','100,270','25-1051','45220'),(0,'100,060','98,800','25-1054','45220'),(0,'0','0','25-1065','45220'),(0,'77,900','75,410','25-1066','45220'),(0,'0','0','25-1071','45220'),(0,'78,380','76,110','25-1072','45220'),(0,'71,690','60,080','25-1081','45220'),(0,'77,390','62,630','25-1111','45220'),(0,'79,790','76,650','25-1121','45220'),(0,'70,970','66,860','25-1123','45220'),(0,'0','0','25-1191','45220'),(21.25,'44,210','33,470','25-1194','45220'),(0,'0','0','25-1199','45220'),(15.24,'31,700','26,780','25-2011','45220'),(0,'39,920','41,690','25-2012','45220'),(0,'45,900','45,470','25-2021','45220'),(0,'49,200','47,510','25-2022','45220'),(0,'49,170','47,880','25-2031','45220'),(0,'51,780','51,350','25-2032','45220'),(23.49,'48,860','48,010','25-3011','45220'),(17.57,'36,540','39,800','25-3021','45220'),(0,'55,680','53,250','25-3097','45220'),(11.43,'23,770','23,480','25-3098','45220'),(27,'56,160','52,540','25-4021','45220'),(15.35,'31,930','28,630','25-4031','45220'),(26.33,'54,770','54,390','25-9031','45220'),(0,'25,780','25,420','25-9041','45220'),(23.66,'49,220','50,080','25-9099','45220'),(30.19,'62,790','50,270','27-0000','45220'),(22.97,'47,770','44,320','27-1024','45220'),(25.66,'53,380','46,230','27-1025','45220'),(15.16,'31,530','29,630','27-1026','45220'),(27.82,'57,860','42,150','27-2012','45220'),(0,'64,770','34,660','27-2022','45220'),(22.32,'46,430','38,910','27-3022','45220'),(37,'76,960','58,840','27-3031','45220'),(26.24,'54,570','47,270','27-3041','45220'),(32.21,'66,990','52,060','27-3043','45220'),(18.36,'38,180','38,070','27-3091','45220'),(22.18,'46,140','39,040','27-3099','45220'),(20.81,'43,280','40,560','27-4011','45220'),(15.55,'32,350','28,880','27-4012','45220'),(34.67,'72,100','56,250','29-0000','45220'),(72.04,'149,840','128,880','29-1021','45220'),(26.28,'54,660','51,790','29-1031','45220'),(63.11,'131,270','117,350','29-1041','45220'),(54.44,'113,230','117,190','29-1051','45220'),(88.15,'183,340','178,950','29-1062','45220'),(96.44,'200,600','199,510','29-1066','45220'),(122.82,'255,460','#','29-1069','45220'),(51.07,'106,220','111,330','29-1071','45220'),(41.79,'86,930','89,870','29-1122','45220'),(42.25,'87,870','91,290','29-1123','45220'),(26.7,'55,530','54,760','29-1126','45220'),(32.27,'67,120','67,320','29-1127','45220'),(47.71,'99,240','95,290','29-1131','45220'),(30.05,'62,510','61,030','29-1141','45220'),(39.71,'82,610','88,620','29-1171','45220'),(28,'58,230','58,890','29-1181','45220'),(25.28,'52,590','53,770','29-2010','45220'),(27.27,'56,710','56,420','29-2021','45220'),(15.56,'32,370','26,190','29-2031','45220'),(33.65,'70,000','71,180','29-2032','45220'),(25.75,'53,550','50,000','29-2034','45220'),(15.69,'32,640','32,370','29-2041','45220'),(16.21,'33,710','31,780','29-2052','45220'),(13.41,'27,880','27,730','29-2053','45220'),(20.85,'43,370','44,320','29-2055','45220'),(13.47,'28,010','24,370','29-2056','45220'),(13.28,'27,610','25,450','29-2057','45220'),(20.34,'42,300','39,180','29-2061','45220'),(21.5,'44,720','42,230','29-2071','45220'),(18.25,'37,960','32,620','29-2081','45220'),(18.54,'38,560','33,660','29-2099','45220'),(30.69,'63,840','62,620','29-9011','45220'),(13.64,'28,370','25,370','31-0000','45220'),(12.59,'26,190','22,290','31-1011','45220'),(11.81,'24,560','23,600','31-1014','45220'),(29.92,'62,230','68,510','31-2011','45220'),(29.93,'62,250','64,180','31-2021','45220'),(11.95,'24,850','24,930','31-2022','45220'),(17.92,'37,260','37,370','31-9091','45220'),(15.55,'32,350','30,530','31-9092','45220'),(12.1,'25,170','24,200','31-9093','45220'),(14.99,'31,180','32,880','31-9094','45220'),(13.42,'27,900','24,890','31-9096','45220'),(15.31,'31,850','31,290','31-9097','45220'),(19.29,'40,110','36,740','31-9099','45220'),(21.18,'44,050','38,100','33-0000','45220'),(27.5,'57,200','51,260','33-1011','45220'),(37.43,'77,850','73,250','33-1012','45220'),(31.77,'66,090','61,140','33-1021','45220'),(25.9,'53,870','47,470','33-1099','45220'),(21.98,'45,710','42,290','33-2011','45220'),(18.55,'38,590','36,300','33-3012','45220'),(25.8,'53,670','49,130','33-3021','45220'),(26.03,'54,150','47,640','33-3051','45220'),(13.75,'28,610','23,810','33-9032','45220'),(10.49,'21,820','21,890','33-9091','45220'),(9.96,'20,720','19,300','33-9092','45220'),(20.15,'41,910','39,360','33-9093','45220'),(16.01,'33,310','32,460','33-9099','45220'),(11.18,'23,250','20,200','35-0000','45220'),(25.99,'54,050','56,590','35-1011','45220'),(16.45,'34,210','32,860','35-1012','45220'),(11.89,'24,720','23,420','35-2012','45220'),(12.45,'25,890','25,060','35-2014','45220'),(11.2,'23,290','22,460','35-2015','45220'),(10.68,'22,220','20,520','35-2021','45220'),(11,'22,890','19,100','35-3011','45220'),(10.48,'21,790','19,680','35-3021','45220'),(9.5,'19,750','19,560','35-3022','45220'),(10.29,'21,410','19,100','35-3031','45220'),(11.23,'23,370','20,660','35-3041','45220'),(9.9,'20,590','19,540','35-9011','45220'),(10.5,'21,840','20,900','35-9021','45220'),(10.52,'21,880','21,710','35-9031','45220'),(12.59,'26,180','23,240','37-0000','45220'),(19.6,'40,780','39,060','37-1011','45220'),(24.99,'51,980','51,660','37-1012','45220'),(12.24,'25,460','23,310','37-2011','45220'),(9.76,'20,300','19,480','37-2012','45220'),(15.68,'32,620','33,480','37-2021','45220'),(13.33,'27,730','24,710','37-3011','45220'),(13.61,'28,320','22,640','39-0000','45220'),(19.74,'41,070','36,000','39-1021','45220'),(10.29,'21,410','19,130','39-2021','45220'),(9.78,'20,340','18,960','39-3091','45220'),(20.36,'42,360','28,830','39-5012','45220'),(13.79,'28,690','27,890','39-5092','45220'),(21.39,'44,500','43,580','39-5094','45220'),(11.5,'23,910','21,120','39-9011','45220'),(11.29,'23,480','21,750','39-9021','45220'),(22.61,'47,030','42,140','39-9031','45220'),(12.98,'27,000','21,650','39-9032','45220'),(12.13,'25,230','22,940','39-9041','45220'),(11.03,'22,940','23,040','39-9099','45220'),(16.67,'34,680','24,300','41-0000','45220'),(20.83,'43,330','38,630','41-1011','45220'),(40.3,'83,820','76,950','41-1012','45220'),(10.14,'21,090','20,050','41-2011','45220'),(13.05,'27,130','25,380','41-2021','45220'),(16.31,'33,920','27,850','41-2022','45220'),(12.46,'25,910','22,170','41-2031','45220'),(25.12,'52,260','45,640','41-3011','45220'),(24.65,'51,260','40,790','41-3021','45220'),(44.96,'93,520','63,950','41-3031','45220'),(17.65,'36,710','35,910','41-3041','45220'),(27.77,'57,760','45,770','41-3099','45220'),(41.3,'85,900','73,540','41-4011','45220'),(28.03,'58,310','48,820','41-4012','45220'),(30.6,'63,640','59,190','41-9022','45220'),(13.77,'28,640','24,890','41-9041','45220'),(13.38,'27,830','22,990','41-9099','45220'),(16.24,'33,780','30,600','43-0000','45220'),(24.42,'50,790','47,910','43-1011','45220'),(12.64,'26,290','24,950','43-2011','45220'),(16.49,'34,300','30,700','43-3011','45220'),(16.18,'33,660','33,370','43-3021','45220'),(17.45,'36,290','33,640','43-3031','45220'),(20.3,'42,220','43,590','43-3051','45220'),(13.22,'27,500','26,180','43-3071','45220'),(21.95,'45,650','43,120','43-4011','45220'),(16.7,'34,740','34,120','43-4031','45220'),(15.19,'31,600','29,510','43-4051','45220'),(15.09,'31,390','28,350','43-4061','45220'),(14.11,'29,340','28,500','43-4071','45220'),(9.99,'20,770','19,770','43-4081','45220'),(15.56,'32,360','30,110','43-4111','45220'),(13.3,'27,660','27,440','43-4121','45220'),(17.69,'36,800','35,800','43-4131','45220'),(16.85,'35,040','34,640','43-4161','45220'),(12.51,'26,020','24,880','43-4171','45220'),(16.23,'33,770','30,460','43-4199','45220'),(13.42,'27,910','26,260','43-5021','45220'),(12.48,'25,970','24,850','43-5031','45220'),(16.39,'34,090','34,070','43-5032','45220'),(24.67,'51,300','60,090','43-5051','45220'),(24.9,'51,790','52,050','43-5052','45220'),(23.34,'48,550','46,130','43-5053','45220'),(19.76,'41,090','37,720','43-5061','45220'),(15.97,'33,220','30,040','43-5071','45220'),(12.06,'25,070','23,430','43-5081','45220'),(19.37,'40,280','35,890','43-6011','45220'),(20.35,'42,330','43,030','43-6012','45220'),(14.16,'29,450','28,680','43-6013','45220'),(17.22,'35,810','34,850','43-6014','45220'),(0,'0','0','43-9011','45220'),(13.27,'27,600','27,870','43-9021','45220'),(13.09,'27,220','25,790','43-9022','45220'),(17.24,'35,850','34,510','43-9041','45220'),(13.28,'27,630','25,670','43-9051','45220'),(13.98,'29,090','26,490','43-9061','45220'),(14.18,'29,500','28,660','43-9071','45220'),(18.39,'38,250','36,030','43-9199','45220'),(12.87,'26,760','24,620','45-0000','45220'),(11.21,'23,320','19,460','45-2092','45220'),(18.03,'37,500','33,650','47-0000','45220'),(28.44,'59,150','54,410','47-1011','45220'),(20.19,'41,990','43,830','47-2021','45220'),(20.01,'41,610','39,020','47-2031','45220'),(20.76,'43,180','42,610','47-2044','45220'),(17.03,'35,420','33,640','47-2051','45220'),(12.68,'26,380','25,970','47-2061','45220'),(16.26,'33,820','34,180','47-2073','45220'),(20.18,'41,980','43,600','47-2081','45220'),(20.82,'43,300','39,060','47-2111','45220'),(15.23,'31,680','31,840','47-2141','45220'),(16.8,'34,950','32,750','47-2151','45220'),(19.54,'40,650','39,190','47-2152','45220'),(14.51,'30,170','28,520','47-2181','45220'),(17.41,'36,210','33,050','47-2211','45220'),(12.81,'26,640','23,410','47-3012','45220'),(13.06,'27,160','26,600','47-3013','45220'),(13.76,'28,630','28,430','47-3015','45220'),(13.67,'28,420','28,090','47-3019','45220'),(25.15,'52,310','54,800','47-4011','45220'),(19.31,'40,170','38,320','47-4041','45220'),(14.93,'31,050','29,690','47-4071','45220'),(17.77,'36,960','36,240','47-4090','45220'),(19.66,'40,900','38,180','49-0000','45220'),(25.11,'52,230','51,740','49-1011','45220'),(15.35,'31,920','30,640','49-2011','45220'),(22.84,'47,500','47,540','49-2022','45220'),(20.63,'42,920','44,910','49-2098','45220'),(21.56,'44,850','38,090','49-3021','45220'),(20.96,'43,600','42,150','49-3023','45220'),(19.52,'40,600','39,110','49-3031','45220'),(18.96,'39,440','38,710','49-3042','45220'),(16.6,'34,530','33,000','49-3052','45220'),(18.45,'38,370','41,170','49-3053','45220'),(12,'24,960','24,930','49-3093','45220'),(20.08,'41,760','39,190','49-9021','45220'),(22.27,'46,310','46,910','49-9041','45220'),(31.62,'65,770','70,240','49-9051','45220'),(17.67,'36,750','34,260','49-9062','45220'),(16.14,'33,560','32,280','49-9071','45220'),(19.52,'40,610','41,520','49-9094','45220'),(16.22,'33,740','30,380','49-9098','45220'),(16.76,'34,850','33,070','49-9099','45220'),(16.22,'33,730','29,470','51-0000','45220'),(27.31,'56,810','55,000','51-1011','45220'),(13.43,'27,940','24,510','51-2098','45220'),(12.49,'25,990','24,340','51-3011','45220'),(15.05,'31,310','32,750','51-3021','45220'),(12.97,'26,970','25,250','51-3022','45220'),(18.65,'38,800','36,990','51-4121','45220'),(14.5,'30,160','26,850','51-5112','45220'),(12.89,'26,820','25,670','51-5113','45220'),(10.28,'21,390','20,280','51-6011','45220'),(10.69,'22,230','21,310','51-6021','45220'),(17.5,'36,410','36,190','51-7011','45220'),(22.03,'45,810','45,500','51-8031','45220'),(19.19,'39,920','38,920','51-9023','45220'),(22.29,'46,370','43,570','51-9061','45220'),(21.72,'45,170','39,050','51-9081','45220'),(12.47,'25,930','23,900','51-9083','45220'),(21.02,'43,720','37,530','51-9122','45220'),(15.58,'32,410','30,990','51-9195','45220'),(12.55,'26,110','24,920','51-9198','45220'),(12.52,'26,040','26,010','51-9199','45220'),(14.99,'31,180','28,560','53-0000','45220'),(22.83,'47,490','41,660','53-1048','45220'),(15.09,'31,390','29,650','53-3022','45220'),(13.19,'27,430','20,990','53-3031','45220'),(17.42,'36,240','36,130','53-3032','45220'),(16.32,'33,950','31,220','53-3033','45220'),(11.17,'23,230','20,880','53-3041','45220'),(15.36,'31,950','31,900','53-3099','45220'),(10.55,'21,950','21,800','53-6021','45220'),(11.32,'23,540','20,310','53-6031','45220'),(16.71,'34,750','34,910','53-7032','45220'),(14.66,'30,490','30,930','53-7051','45220'),(12.49,'25,990','20,470','53-7061','45220'),(12.77,'26,570','25,020','53-7062','45220'),(10.83,'22,530','21,520','53-7064','45220'),(16.31,'33,930','34,550','53-7081','45220');
/*!40000 ALTER TABLE `salary` ENABLE KEYS */;
UNLOCK TABLES;
/*!40103 SET TIME_ZONE=@OLD_TIME_ZONE */;

/*!40101 SET SQL_MODE=@OLD_SQL_MODE */;
/*!40014 SET FOREIGN_KEY_CHECKS=@OLD_FOREIGN_KEY_CHECKS */;
/*!40014 SET UNIQUE_CHECKS=@OLD_UNIQUE_CHECKS */;
/*!40101 SET CHARACTER_SET_CLIENT=@OLD_CHARACTER_SET_CLIENT */;
/*!40101 SET CHARACTER_SET_RESULTS=@OLD_CHARACTER_SET_RESULTS */;
/*!40101 SET COLLATION_CONNECTION=@OLD_COLLATION_CONNECTION */;
/*!40111 SET SQL_NOTES=@OLD_SQL_NOTES */;

-- Dump completed on 2019-12-02 19:13:43
